<?xml version="1.0" encoding="UTF-8"?>
<mxfile host="app.diagrams.net" modified="2024-04-20T07:03:33.574Z" agent="Mozilla/5.0 (Macintosh; Intel Mac OS X 10_15_7) AppleWebKit/537.36 (KHTML, like Gecko) Chrome/124.0.0.0 Safari/537.36" etag="d3K3DB2shb0CIQlgmLhx" version="24.1.0" type="google">
  <diagram name="overview" id="M62L2RJzifeJOhJqJdYR">
    <mxGraphModel dx="1660" dy="822" grid="1" gridSize="10" guides="1" tooltips="1" connect="1" arrows="1" fold="1" page="1" pageScale="1" pageWidth="827" pageHeight="1169" math="0" shadow="0">
      <root>
        <mxCell id="0" />
        <mxCell id="1" parent="0" />
        <mxCell id="leVeBVtabVTaXPasBONd-5" value="" style="shape=parallelogram;perimeter=parallelogramPerimeter;whiteSpace=wrap;html=1;fixedSize=1;size=70;" parent="1" vertex="1">
          <mxGeometry x="960" y="235" width="310" height="320" as="geometry" />
        </mxCell>
        <mxCell id="leVeBVtabVTaXPasBONd-3" value="" style="shape=parallelogram;perimeter=parallelogramPerimeter;whiteSpace=wrap;html=1;fixedSize=1;size=70;fillColor=#B3B3B3;strokeColor=none;" parent="1" vertex="1">
          <mxGeometry x="960" y="175" width="310" height="320" as="geometry" />
        </mxCell>
        <mxCell id="leVeBVtabVTaXPasBONd-1" value="&lt;font style=&quot;font-size: 20px;&quot;&gt;.icon&lt;/font&gt;" style="shape=parallelogram;perimeter=parallelogramPerimeter;whiteSpace=wrap;html=1;fixedSize=1;size=10;" parent="1" vertex="1">
          <mxGeometry x="1190" y="105" width="80" height="50" as="geometry" />
        </mxCell>
        <mxCell id="leVeBVtabVTaXPasBONd-2" value="&lt;font style=&quot;font-size: 20px;&quot;&gt;nav&lt;/font&gt;" style="shape=parallelogram;perimeter=parallelogramPerimeter;whiteSpace=wrap;html=1;fixedSize=1;size=60;" parent="1" vertex="1">
          <mxGeometry x="1020" y="155" width="240" height="280" as="geometry" />
        </mxCell>
        <mxCell id="leVeBVtabVTaXPasBONd-4" value="&lt;font style=&quot;font-size: 20px;&quot;&gt;.back&lt;/font&gt;" style="text;html=1;align=center;verticalAlign=middle;whiteSpace=wrap;rounded=0;" parent="1" vertex="1">
          <mxGeometry x="1060" y="445" width="60" height="30" as="geometry" />
        </mxCell>
        <mxCell id="leVeBVtabVTaXPasBONd-6" value="&lt;span style=&quot;font-size: 20px;&quot;&gt;.wrapper&lt;/span&gt;" style="text;html=1;align=center;verticalAlign=middle;whiteSpace=wrap;rounded=0;" parent="1" vertex="1">
          <mxGeometry x="1030" y="515" width="120" height="30" as="geometry" />
        </mxCell>
        <mxCell id="leVeBVtabVTaXPasBONd-11" value="&lt;font style=&quot;font-size: 20px;&quot;&gt;.menu.screen name=&quot;wrapper&quot;&lt;/font&gt;" style="rounded=0;whiteSpace=wrap;html=1;align=left;verticalAlign=top;" parent="1" vertex="1">
          <mxGeometry x="413" y="105" width="422" height="430" as="geometry" />
        </mxCell>
        <mxCell id="leVeBVtabVTaXPasBONd-12" value="&lt;font style=&quot;font-size: 20px;&quot;&gt;.data-menu&lt;/font&gt;&lt;div&gt;&lt;font style=&quot;font-size: 20px;&quot;&gt;=&quot;id:&#39;c11&#39;,label:&#39;掲示板&#39;,func:&#39;board&#39;&quot;&lt;/font&gt;&lt;/div&gt;" style="rounded=0;whiteSpace=wrap;html=1;verticalAlign=top;align=left;" parent="1" vertex="1">
          <mxGeometry x="425" y="145" width="400" height="70" as="geometry" />
        </mxCell>
        <mxCell id="leVeBVtabVTaXPasBONd-13" value="&lt;font style=&quot;font-size: 20px;&quot;&gt;.data-menu&lt;/font&gt;&lt;div&gt;&lt;font style=&quot;font-size: 20px;&quot;&gt;=&quot;id:&#39;c21&#39;,label:&#39;入会申込&#39;,href:&#39;https://〜&#39;&quot;&lt;/font&gt;&lt;/div&gt;" style="rounded=0;whiteSpace=wrap;html=1;verticalAlign=top;align=left;" parent="1" vertex="1">
          <mxGeometry x="425" y="225" width="400" height="70" as="geometry" />
        </mxCell>
        <mxCell id="leVeBVtabVTaXPasBONd-14" value="&lt;font style=&quot;font-size: 20px;&quot;&gt;.data-menu&lt;/font&gt;&lt;div&gt;&lt;font style=&quot;font-size: 20px;&quot;&gt;=&quot;id:&#39;c30&#39;,label:&#39;Information&#39;&lt;/font&gt;&lt;/div&gt;" style="rounded=0;whiteSpace=wrap;html=1;verticalAlign=top;align=left;" parent="1" vertex="1">
          <mxGeometry x="425" y="305" width="400" height="220" as="geometry" />
        </mxCell>
        <mxCell id="leVeBVtabVTaXPasBONd-15" value="&lt;font style=&quot;font-size: 20px;&quot;&gt;.data-menu&lt;/font&gt;&lt;div&gt;&lt;font style=&quot;font-size: 20px;&quot;&gt;=&quot;id:&#39;c31&#39;,label:&#39;会場案内図&#39;&lt;/font&gt;&lt;/div&gt;" style="rounded=0;whiteSpace=wrap;html=1;verticalAlign=top;align=left;" parent="1" vertex="1">
          <mxGeometry x="437" y="365" width="296" height="70" as="geometry" />
        </mxCell>
        <mxCell id="leVeBVtabVTaXPasBONd-16" value="&lt;font style=&quot;font-size: 20px;&quot;&gt;.data-menu&lt;/font&gt;&lt;div&gt;&lt;font style=&quot;font-size: 20px;&quot;&gt;=&quot;id:&#39;c32&#39;,label:&#39;タイムテーブル&#39;&lt;/font&gt;&lt;/div&gt;" style="rounded=0;whiteSpace=wrap;html=1;verticalAlign=top;align=left;" parent="1" vertex="1">
          <mxGeometry x="437" y="445" width="296" height="70" as="geometry" />
        </mxCell>
        <mxCell id="leVeBVtabVTaXPasBONd-32" value="" style="rounded=0;whiteSpace=wrap;html=1;strokeColor=none;fillColor=#B3B3B3;" parent="1" vertex="1">
          <mxGeometry x="1380" y="110" width="240" height="390" as="geometry" />
        </mxCell>
        <mxCell id="leVeBVtabVTaXPasBONd-33" value="" style="group" parent="1" connectable="0" vertex="1">
          <mxGeometry x="1440" y="160" width="180" height="250" as="geometry" />
        </mxCell>
        <mxCell id="leVeBVtabVTaXPasBONd-31" value="" style="rounded=0;whiteSpace=wrap;html=1;align=left;fillColor=#CCCCCC;strokeColor=#FFFFFF;strokeWidth=2;" parent="leVeBVtabVTaXPasBONd-33" vertex="1">
          <mxGeometry width="180" height="250" as="geometry" />
        </mxCell>
        <mxCell id="leVeBVtabVTaXPasBONd-26" value="&lt;font style=&quot;font-size: 20px;&quot;&gt;&amp;nbsp;掲示板&lt;/font&gt;" style="rounded=0;whiteSpace=wrap;html=1;align=left;fillColor=#CCCCCC;strokeColor=#FFFFFF;strokeWidth=2;" parent="leVeBVtabVTaXPasBONd-33" vertex="1">
          <mxGeometry x="10" y="10" width="170" height="40" as="geometry" />
        </mxCell>
        <mxCell id="leVeBVtabVTaXPasBONd-27" value="&lt;font style=&quot;font-size: 20px;&quot;&gt;入会申込&lt;/font&gt;" style="rounded=0;whiteSpace=wrap;html=1;align=left;fillColor=#CCCCCC;strokeColor=#FFFFFF;strokeWidth=2;" parent="leVeBVtabVTaXPasBONd-33" vertex="1">
          <mxGeometry x="10" y="55" width="170" height="40" as="geometry" />
        </mxCell>
        <mxCell id="leVeBVtabVTaXPasBONd-28" value="&lt;font style=&quot;font-size: 20px;&quot;&gt;&amp;nbsp;Information&lt;/font&gt;" style="rounded=0;whiteSpace=wrap;html=1;align=left;fillColor=#CCCCCC;strokeColor=#FFFFFF;strokeWidth=2;verticalAlign=top;" parent="leVeBVtabVTaXPasBONd-33" vertex="1">
          <mxGeometry x="10" y="100" width="170" height="140" as="geometry" />
        </mxCell>
        <mxCell id="leVeBVtabVTaXPasBONd-29" value="&lt;font style=&quot;font-size: 20px;&quot;&gt;会場案内図&lt;/font&gt;" style="rounded=0;whiteSpace=wrap;html=1;align=left;fillColor=#CCCCCC;strokeColor=#FFFFFF;strokeWidth=2;" parent="leVeBVtabVTaXPasBONd-33" vertex="1">
          <mxGeometry x="20" y="140" width="160" height="40" as="geometry" />
        </mxCell>
        <mxCell id="leVeBVtabVTaXPasBONd-30" value="&lt;font style=&quot;font-size: 20px;&quot;&gt;タイムテーブル&lt;/font&gt;" style="rounded=0;whiteSpace=wrap;html=1;align=left;fillColor=#CCCCCC;strokeColor=#FFFFFF;strokeWidth=2;" parent="leVeBVtabVTaXPasBONd-33" vertex="1">
          <mxGeometry x="20" y="190" width="160" height="40" as="geometry" />
        </mxCell>
        <mxCell id="leVeBVtabVTaXPasBONd-34" value="" style="group" parent="1" connectable="0" vertex="1">
          <mxGeometry x="1570" y="110" width="50" height="50" as="geometry" />
        </mxCell>
        <mxCell id="leVeBVtabVTaXPasBONd-23" value="" style="group;fillColor=default;strokeColor=none;container=0;" parent="leVeBVtabVTaXPasBONd-34" connectable="0" vertex="1">
          <mxGeometry width="50" height="50" as="geometry" />
        </mxCell>
        <mxCell id="leVeBVtabVTaXPasBONd-19" value="" style="rounded=0;whiteSpace=wrap;html=1;strokeColor=none;" parent="leVeBVtabVTaXPasBONd-34" vertex="1">
          <mxGeometry width="50" height="50" as="geometry" />
        </mxCell>
        <mxCell id="leVeBVtabVTaXPasBONd-20" value="" style="endArrow=none;html=1;rounded=0;strokeColor=#999999;strokeWidth=6;" parent="leVeBVtabVTaXPasBONd-34" edge="1">
          <mxGeometry width="50" height="50" relative="1" as="geometry">
            <mxPoint x="5" y="10" as="sourcePoint" />
            <mxPoint x="45" y="10" as="targetPoint" />
          </mxGeometry>
        </mxCell>
        <mxCell id="leVeBVtabVTaXPasBONd-21" value="" style="endArrow=none;html=1;rounded=0;strokeColor=#999999;strokeWidth=6;" parent="leVeBVtabVTaXPasBONd-34" edge="1">
          <mxGeometry width="50" height="50" relative="1" as="geometry">
            <mxPoint x="5" y="25" as="sourcePoint" />
            <mxPoint x="45" y="25" as="targetPoint" />
          </mxGeometry>
        </mxCell>
        <mxCell id="leVeBVtabVTaXPasBONd-22" value="" style="endArrow=none;html=1;rounded=0;strokeColor=#999999;strokeWidth=6;" parent="leVeBVtabVTaXPasBONd-34" edge="1">
          <mxGeometry width="50" height="50" relative="1" as="geometry">
            <mxPoint x="5" y="40" as="sourcePoint" />
            <mxPoint x="45" y="40" as="targetPoint" />
          </mxGeometry>
        </mxCell>
        <mxCell id="leVeBVtabVTaXPasBONd-36" value="" style="triangle;whiteSpace=wrap;html=1;strokeColor=none;fillColor=#E6E6E6;" parent="1" vertex="1">
          <mxGeometry x="870" y="225" width="60" height="195" as="geometry" />
        </mxCell>
        <mxCell id="leVeBVtabVTaXPasBONd-37" value="" style="triangle;whiteSpace=wrap;html=1;strokeColor=none;fillColor=#E6E6E6;" parent="1" vertex="1">
          <mxGeometry x="1300" y="222.5" width="60" height="195" as="geometry" />
        </mxCell>
      </root>
    </mxGraphModel>
  </diagram>
</mxfile>
