<?xml version="1.0" encoding="UTF-8"?>
<mxfile host="app.diagrams.net" modified="2024-06-04T08:39:12.956Z" agent="Mozilla/5.0 (Macintosh; Intel Mac OS X 10_15_7) AppleWebKit/537.36 (KHTML, like Gecko) Chrome/125.0.0.0 Safari/537.36" etag="k2WvvWzlUG3FS3B8ng4F" version="24.4.13" type="google" pages="3">
  <diagram name="overview" id="M62L2RJzifeJOhJqJdYR">
    <mxGraphModel dx="2860" dy="2423" grid="1" gridSize="10" guides="1" tooltips="1" connect="1" arrows="1" fold="1" page="1" pageScale="1" pageWidth="827" pageHeight="1169" math="0" shadow="0">
      <root>
        <mxCell id="0" />
        <mxCell id="1" parent="0" />
        <mxCell id="OnrDUIoXSc3_bayto80--1" value="" style="shape=parallelogram;perimeter=parallelogramPerimeter;whiteSpace=wrap;html=1;fixedSize=1;size=70;" vertex="1" parent="1">
          <mxGeometry x="960" y="235" width="310" height="320" as="geometry" />
        </mxCell>
        <mxCell id="OnrDUIoXSc3_bayto80--2" value="" style="shape=parallelogram;perimeter=parallelogramPerimeter;whiteSpace=wrap;html=1;fixedSize=1;size=70;fillColor=#B3B3B3;strokeColor=none;" vertex="1" parent="1">
          <mxGeometry x="960" y="175" width="310" height="320" as="geometry" />
        </mxCell>
        <mxCell id="OnrDUIoXSc3_bayto80--3" value="&lt;font style=&quot;font-size: 20px;&quot;&gt;.icon&lt;/font&gt;" style="shape=parallelogram;perimeter=parallelogramPerimeter;whiteSpace=wrap;html=1;fixedSize=1;size=10;" vertex="1" parent="1">
          <mxGeometry x="1190" y="105" width="80" height="50" as="geometry" />
        </mxCell>
        <mxCell id="OnrDUIoXSc3_bayto80--4" value="&lt;font style=&quot;font-size: 20px;&quot;&gt;nav&lt;/font&gt;" style="shape=parallelogram;perimeter=parallelogramPerimeter;whiteSpace=wrap;html=1;fixedSize=1;size=60;" vertex="1" parent="1">
          <mxGeometry x="1020" y="155" width="240" height="280" as="geometry" />
        </mxCell>
        <mxCell id="OnrDUIoXSc3_bayto80--5" value="&lt;font style=&quot;font-size: 20px;&quot;&gt;.back&lt;/font&gt;" style="text;html=1;align=center;verticalAlign=middle;whiteSpace=wrap;rounded=0;" vertex="1" parent="1">
          <mxGeometry x="1060" y="445" width="60" height="30" as="geometry" />
        </mxCell>
        <mxCell id="OnrDUIoXSc3_bayto80--6" value="&lt;span style=&quot;font-size: 20px;&quot;&gt;.wrapper&lt;/span&gt;" style="text;html=1;align=center;verticalAlign=middle;whiteSpace=wrap;rounded=0;" vertex="1" parent="1">
          <mxGeometry x="1030" y="515" width="120" height="30" as="geometry" />
        </mxCell>
        <mxCell id="OnrDUIoXSc3_bayto80--7" value="&lt;font style=&quot;font-size: 20px;&quot;&gt;.menu.screen name=&quot;wrapper&quot;&lt;/font&gt;" style="rounded=0;whiteSpace=wrap;html=1;align=left;verticalAlign=top;" vertex="1" parent="1">
          <mxGeometry x="413" y="105" width="422" height="430" as="geometry" />
        </mxCell>
        <mxCell id="OnrDUIoXSc3_bayto80--8" value="&lt;font style=&quot;font-size: 20px;&quot;&gt;.data-menu&lt;/font&gt;&lt;div&gt;&lt;font style=&quot;font-size: 20px;&quot;&gt;=&quot;id:&#39;c11&#39;,label:&#39;掲示板&#39;,func:&#39;board&#39;&quot;&lt;/font&gt;&lt;/div&gt;" style="rounded=0;whiteSpace=wrap;html=1;verticalAlign=top;align=left;" vertex="1" parent="1">
          <mxGeometry x="425" y="145" width="400" height="70" as="geometry" />
        </mxCell>
        <mxCell id="OnrDUIoXSc3_bayto80--9" value="&lt;font style=&quot;font-size: 20px;&quot;&gt;.data-menu&lt;/font&gt;&lt;div&gt;&lt;font style=&quot;font-size: 20px;&quot;&gt;=&quot;id:&#39;c21&#39;,label:&#39;入会申込&#39;,href:&#39;https://〜&#39;&quot;&lt;/font&gt;&lt;/div&gt;" style="rounded=0;whiteSpace=wrap;html=1;verticalAlign=top;align=left;" vertex="1" parent="1">
          <mxGeometry x="425" y="225" width="400" height="70" as="geometry" />
        </mxCell>
        <mxCell id="OnrDUIoXSc3_bayto80--10" value="&lt;font style=&quot;font-size: 20px;&quot;&gt;.data-menu&lt;/font&gt;&lt;div&gt;&lt;font style=&quot;font-size: 20px;&quot;&gt;=&quot;id:&#39;c30&#39;,label:&#39;Information&#39;&lt;/font&gt;&lt;/div&gt;" style="rounded=0;whiteSpace=wrap;html=1;verticalAlign=top;align=left;" vertex="1" parent="1">
          <mxGeometry x="425" y="305" width="400" height="220" as="geometry" />
        </mxCell>
        <mxCell id="OnrDUIoXSc3_bayto80--11" value="&lt;font style=&quot;font-size: 20px;&quot;&gt;.data-menu&lt;/font&gt;&lt;div&gt;&lt;font style=&quot;font-size: 20px;&quot;&gt;=&quot;id:&#39;c31&#39;,label:&#39;会場案内図&#39;&lt;/font&gt;&lt;/div&gt;" style="rounded=0;whiteSpace=wrap;html=1;verticalAlign=top;align=left;" vertex="1" parent="1">
          <mxGeometry x="437" y="365" width="296" height="70" as="geometry" />
        </mxCell>
        <mxCell id="OnrDUIoXSc3_bayto80--12" value="&lt;font style=&quot;font-size: 20px;&quot;&gt;.data-menu&lt;/font&gt;&lt;div&gt;&lt;font style=&quot;font-size: 20px;&quot;&gt;=&quot;id:&#39;c32&#39;,label:&#39;タイムテーブル&#39;&lt;/font&gt;&lt;/div&gt;" style="rounded=0;whiteSpace=wrap;html=1;verticalAlign=top;align=left;" vertex="1" parent="1">
          <mxGeometry x="437" y="445" width="296" height="70" as="geometry" />
        </mxCell>
        <mxCell id="OnrDUIoXSc3_bayto80--13" value="" style="rounded=0;whiteSpace=wrap;html=1;strokeColor=none;fillColor=#B3B3B3;" vertex="1" parent="1">
          <mxGeometry x="1380" y="110" width="240" height="390" as="geometry" />
        </mxCell>
        <mxCell id="OnrDUIoXSc3_bayto80--14" value="" style="group" connectable="0" vertex="1" parent="1">
          <mxGeometry x="1440" y="160" width="180" height="250" as="geometry" />
        </mxCell>
        <mxCell id="OnrDUIoXSc3_bayto80--15" value="" style="rounded=0;whiteSpace=wrap;html=1;align=left;fillColor=#CCCCCC;strokeColor=#FFFFFF;strokeWidth=2;" vertex="1" parent="OnrDUIoXSc3_bayto80--14">
          <mxGeometry width="180" height="250" as="geometry" />
        </mxCell>
        <mxCell id="OnrDUIoXSc3_bayto80--16" value="&lt;font style=&quot;font-size: 20px;&quot;&gt;&amp;nbsp;掲示板&lt;/font&gt;" style="rounded=0;whiteSpace=wrap;html=1;align=left;fillColor=#CCCCCC;strokeColor=#FFFFFF;strokeWidth=2;" vertex="1" parent="OnrDUIoXSc3_bayto80--14">
          <mxGeometry x="10" y="10" width="170" height="40" as="geometry" />
        </mxCell>
        <mxCell id="OnrDUIoXSc3_bayto80--17" value="&lt;font style=&quot;font-size: 20px;&quot;&gt;入会申込&lt;/font&gt;" style="rounded=0;whiteSpace=wrap;html=1;align=left;fillColor=#CCCCCC;strokeColor=#FFFFFF;strokeWidth=2;" vertex="1" parent="OnrDUIoXSc3_bayto80--14">
          <mxGeometry x="10" y="55" width="170" height="40" as="geometry" />
        </mxCell>
        <mxCell id="OnrDUIoXSc3_bayto80--18" value="&lt;font style=&quot;font-size: 20px;&quot;&gt;&amp;nbsp;Information&lt;/font&gt;" style="rounded=0;whiteSpace=wrap;html=1;align=left;fillColor=#CCCCCC;strokeColor=#FFFFFF;strokeWidth=2;verticalAlign=top;" vertex="1" parent="OnrDUIoXSc3_bayto80--14">
          <mxGeometry x="10" y="100" width="170" height="140" as="geometry" />
        </mxCell>
        <mxCell id="OnrDUIoXSc3_bayto80--19" value="&lt;font style=&quot;font-size: 20px;&quot;&gt;会場案内図&lt;/font&gt;" style="rounded=0;whiteSpace=wrap;html=1;align=left;fillColor=#CCCCCC;strokeColor=#FFFFFF;strokeWidth=2;" vertex="1" parent="OnrDUIoXSc3_bayto80--14">
          <mxGeometry x="20" y="140" width="160" height="40" as="geometry" />
        </mxCell>
        <mxCell id="OnrDUIoXSc3_bayto80--20" value="&lt;font style=&quot;font-size: 20px;&quot;&gt;タイムテーブル&lt;/font&gt;" style="rounded=0;whiteSpace=wrap;html=1;align=left;fillColor=#CCCCCC;strokeColor=#FFFFFF;strokeWidth=2;" vertex="1" parent="OnrDUIoXSc3_bayto80--14">
          <mxGeometry x="20" y="190" width="160" height="40" as="geometry" />
        </mxCell>
        <mxCell id="OnrDUIoXSc3_bayto80--21" value="" style="group" connectable="0" vertex="1" parent="1">
          <mxGeometry x="1570" y="110" width="50" height="50" as="geometry" />
        </mxCell>
        <mxCell id="OnrDUIoXSc3_bayto80--22" value="" style="group;fillColor=default;strokeColor=none;container=0;" connectable="0" vertex="1" parent="OnrDUIoXSc3_bayto80--21">
          <mxGeometry width="50" height="50" as="geometry" />
        </mxCell>
        <mxCell id="OnrDUIoXSc3_bayto80--23" value="" style="rounded=0;whiteSpace=wrap;html=1;strokeColor=none;" vertex="1" parent="OnrDUIoXSc3_bayto80--21">
          <mxGeometry width="50" height="50" as="geometry" />
        </mxCell>
        <mxCell id="OnrDUIoXSc3_bayto80--24" value="" style="endArrow=none;html=1;rounded=0;strokeColor=#999999;strokeWidth=6;" edge="1" parent="OnrDUIoXSc3_bayto80--21">
          <mxGeometry width="50" height="50" relative="1" as="geometry">
            <mxPoint x="5" y="10" as="sourcePoint" />
            <mxPoint x="45" y="10" as="targetPoint" />
          </mxGeometry>
        </mxCell>
        <mxCell id="OnrDUIoXSc3_bayto80--25" value="" style="endArrow=none;html=1;rounded=0;strokeColor=#999999;strokeWidth=6;" edge="1" parent="OnrDUIoXSc3_bayto80--21">
          <mxGeometry width="50" height="50" relative="1" as="geometry">
            <mxPoint x="5" y="25" as="sourcePoint" />
            <mxPoint x="45" y="25" as="targetPoint" />
          </mxGeometry>
        </mxCell>
        <mxCell id="OnrDUIoXSc3_bayto80--26" value="" style="endArrow=none;html=1;rounded=0;strokeColor=#999999;strokeWidth=6;" edge="1" parent="OnrDUIoXSc3_bayto80--21">
          <mxGeometry width="50" height="50" relative="1" as="geometry">
            <mxPoint x="5" y="40" as="sourcePoint" />
            <mxPoint x="45" y="40" as="targetPoint" />
          </mxGeometry>
        </mxCell>
        <mxCell id="OnrDUIoXSc3_bayto80--27" value="" style="triangle;whiteSpace=wrap;html=1;strokeColor=none;fillColor=#E6E6E6;" vertex="1" parent="1">
          <mxGeometry x="870" y="225" width="60" height="195" as="geometry" />
        </mxCell>
        <mxCell id="OnrDUIoXSc3_bayto80--28" value="" style="triangle;whiteSpace=wrap;html=1;strokeColor=none;fillColor=#E6E6E6;" vertex="1" parent="1">
          <mxGeometry x="1300" y="222.5" width="60" height="195" as="geometry" />
        </mxCell>
      </root>
    </mxGraphModel>
  </diagram>
  <diagram id="5KCZeSEtQQ1ZTzunAiQ-" name="cl.changeScreen">
    <mxGraphModel grid="1" page="0" gridSize="10" guides="1" tooltips="1" connect="1" arrows="1" fold="1" pageScale="1" pageWidth="827" pageHeight="1169" math="0" shadow="0">
      <root>
        <mxCell id="0" />
        <mxCell id="1" parent="0" />
        <mxCell id="UJ28Buhtcx-BH-3_hOtf-30" style="edgeStyle=orthogonalEdgeStyle;rounded=0;orthogonalLoop=1;jettySize=auto;html=1;exitX=0.5;exitY=1;exitDx=0;exitDy=0;exitPerimeter=0;entryX=0;entryY=0.5;entryDx=0;entryDy=0;strokeColor=default;align=center;verticalAlign=middle;fontFamily=Helvetica;fontSize=12;fontColor=default;labelBackgroundColor=default;startSize=8;endArrow=classic;endSize=8;" edge="1" parent="1" source="erKpOOM1ceVGQDieeiPO-3" target="UJ28Buhtcx-BH-3_hOtf-19">
          <mxGeometry relative="1" as="geometry" />
        </mxCell>
        <mxCell id="erKpOOM1ceVGQDieeiPO-3" value="開示範囲" style="strokeWidth=2;html=1;shape=mxgraph.flowchart.decision;whiteSpace=wrap;" vertex="1" parent="1">
          <mxGeometry x="640" y="-120" width="120" height="40" as="geometry" />
        </mxCell>
        <mxCell id="erKpOOM1ceVGQDieeiPO-4" value="&lt;font style=&quot;font-size: 12px;&quot;&gt;一般公開&lt;/font&gt;&lt;div&gt;&lt;font style=&quot;font-size: 12px;&quot;&gt;(allow&amp;amp;1&amp;gt;0)&lt;/font&gt;&lt;/div&gt;" style="text;html=1;align=center;verticalAlign=middle;whiteSpace=wrap;rounded=0;fontSize=16;" vertex="1" parent="1">
          <mxGeometry x="700" y="-80" width="80" height="40" as="geometry" />
        </mxCell>
        <mxCell id="erKpOOM1ceVGQDieeiPO-5" value="&lt;font style=&quot;font-size: 12px;&quot;&gt;限定公開&lt;/font&gt;&lt;div&gt;&lt;font style=&quot;font-size: 12px;&quot;&gt;(allow&amp;amp;1=0)&lt;/font&gt;&lt;/div&gt;" style="text;html=1;align=center;verticalAlign=middle;whiteSpace=wrap;rounded=0;fontSize=16;" vertex="1" parent="1">
          <mxGeometry x="730" y="-150" width="80" height="40" as="geometry" />
        </mxCell>
        <mxCell id="erKpOOM1ceVGQDieeiPO-11" value="シート" style="strokeWidth=2;html=1;shape=mxgraph.flowchart.decision;whiteSpace=wrap;" vertex="1" parent="1">
          <mxGeometry x="800" y="-120" width="120" height="40" as="geometry" />
        </mxCell>
        <mxCell id="erKpOOM1ceVGQDieeiPO-12" style="edgeStyle=orthogonalEdgeStyle;rounded=0;orthogonalLoop=1;jettySize=auto;html=1;exitX=1;exitY=0.5;exitDx=0;exitDy=0;exitPerimeter=0;entryX=0;entryY=0.5;entryDx=0;entryDy=0;entryPerimeter=0;fontSize=12;startSize=8;endSize=8;" edge="1" parent="1" target="erKpOOM1ceVGQDieeiPO-11">
          <mxGeometry relative="1" as="geometry">
            <mxPoint x="760" y="-100" as="sourcePoint" />
          </mxGeometry>
        </mxCell>
        <mxCell id="erKpOOM1ceVGQDieeiPO-13" value="&lt;span style=&quot;font-size: 12px;&quot;&gt;登録済&lt;/span&gt;&lt;div&gt;&lt;span style=&quot;font-size: 12px;&quot;&gt;(SPkey!=null)&lt;/span&gt;&lt;/div&gt;" style="text;html=1;align=left;verticalAlign=middle;whiteSpace=wrap;rounded=0;fontSize=16;" vertex="1" parent="1">
          <mxGeometry x="860" y="-80" width="80" height="40" as="geometry" />
        </mxCell>
        <mxCell id="erKpOOM1ceVGQDieeiPO-14" value="&lt;span style=&quot;font-size: 12px;&quot;&gt;未登録&lt;/span&gt;&lt;div&gt;&lt;span style=&quot;font-size: 12px;&quot;&gt;(SPkey=null)&lt;/span&gt;&lt;/div&gt;" style="text;html=1;align=center;verticalAlign=middle;whiteSpace=wrap;rounded=0;fontSize=16;" vertex="1" parent="1">
          <mxGeometry x="900" y="-150" width="80" height="40" as="geometry" />
        </mxCell>
        <mxCell id="erKpOOM1ceVGQDieeiPO-32" style="edgeStyle=orthogonalEdgeStyle;rounded=0;orthogonalLoop=1;jettySize=auto;html=1;exitX=1;exitY=0.5;exitDx=0;exitDy=0;exitPerimeter=0;entryX=0;entryY=0.5;entryDx=0;entryDy=0;entryPerimeter=0;strokeColor=default;align=center;verticalAlign=middle;fontFamily=Helvetica;fontSize=12;fontColor=default;labelBackgroundColor=default;startSize=8;endArrow=classic;endSize=8;" edge="1" parent="1" source="erKpOOM1ceVGQDieeiPO-11">
          <mxGeometry relative="1" as="geometry">
            <mxPoint x="960" y="-100" as="targetPoint" />
          </mxGeometry>
        </mxCell>
        <mxCell id="UJ28Buhtcx-BH-3_hOtf-28" style="edgeStyle=orthogonalEdgeStyle;rounded=0;orthogonalLoop=1;jettySize=auto;html=1;exitX=1;exitY=0.5;exitDx=0;exitDy=0;exitPerimeter=0;entryX=0;entryY=0.5;entryDx=0;entryDy=0;strokeColor=default;align=center;verticalAlign=middle;fontFamily=Helvetica;fontSize=12;fontColor=default;labelBackgroundColor=default;startSize=8;endArrow=classic;endSize=8;" edge="1" parent="1" source="erKpOOM1ceVGQDieeiPO-35" target="UJ28Buhtcx-BH-3_hOtf-18">
          <mxGeometry relative="1" as="geometry" />
        </mxCell>
        <mxCell id="UJ28Buhtcx-BH-3_hOtf-29" style="edgeStyle=orthogonalEdgeStyle;rounded=0;orthogonalLoop=1;jettySize=auto;html=1;exitX=0.5;exitY=1;exitDx=0;exitDy=0;exitPerimeter=0;entryX=0;entryY=0.5;entryDx=0;entryDy=0;strokeColor=default;align=center;verticalAlign=middle;fontFamily=Helvetica;fontSize=12;fontColor=default;labelBackgroundColor=default;startSize=8;endArrow=classic;endSize=8;" edge="1" parent="1" source="erKpOOM1ceVGQDieeiPO-35" target="UJ28Buhtcx-BH-3_hOtf-19">
          <mxGeometry relative="1" as="geometry" />
        </mxCell>
        <mxCell id="erKpOOM1ceVGQDieeiPO-35" value="権限" style="strokeWidth=2;html=1;shape=mxgraph.flowchart.decision;whiteSpace=wrap;" vertex="1" parent="1">
          <mxGeometry x="960" y="180" width="120" height="40" as="geometry" />
        </mxCell>
        <mxCell id="erKpOOM1ceVGQDieeiPO-36" value="&lt;span style=&quot;font-size: 12px;&quot;&gt;有り&lt;/span&gt;&lt;div&gt;&lt;span style=&quot;font-size: 12px;&quot;&gt;(auth&amp;amp;allow&amp;gt;0)&lt;/span&gt;&lt;/div&gt;" style="text;html=1;align=center;verticalAlign=middle;whiteSpace=wrap;rounded=0;fontSize=16;" vertex="1" parent="1">
          <mxGeometry x="940" y="210" width="80" height="50" as="geometry" />
        </mxCell>
        <mxCell id="erKpOOM1ceVGQDieeiPO-37" value="&lt;span style=&quot;font-size: 12px; background-color: initial;&quot;&gt;無し&lt;/span&gt;" style="text;html=1;align=center;verticalAlign=middle;whiteSpace=wrap;rounded=0;fontSize=16;" vertex="1" parent="1">
          <mxGeometry x="1050" y="170" width="40" height="20" as="geometry" />
        </mxCell>
        <mxCell id="erKpOOM1ceVGQDieeiPO-41" value="authServer.&lt;div&gt;changeScreen()&lt;/div&gt;" style="text;html=1;align=left;verticalAlign=middle;whiteSpace=wrap;rounded=0;fontSize=12;fontFamily=Helvetica;fontColor=default;labelBackgroundColor=default;" vertex="1" parent="1">
          <mxGeometry x="800" y="80" width="100" height="30" as="geometry" />
        </mxCell>
        <mxCell id="erKpOOM1ceVGQDieeiPO-44" style="edgeStyle=orthogonalEdgeStyle;rounded=0;orthogonalLoop=1;jettySize=auto;html=1;exitX=1;exitY=0.5;exitDx=0;exitDy=0;exitPerimeter=0;entryX=0;entryY=0.5;entryDx=0;entryDy=0;strokeColor=default;align=center;verticalAlign=middle;fontFamily=Helvetica;fontSize=12;fontColor=default;labelBackgroundColor=default;startSize=8;endArrow=classic;endSize=8;" edge="1" parent="1" source="erKpOOM1ceVGQDieeiPO-45" target="erKpOOM1ceVGQDieeiPO-48">
          <mxGeometry relative="1" as="geometry" />
        </mxCell>
        <mxCell id="dF1zfXNtwvgAcI2to9IR-2" style="edgeStyle=orthogonalEdgeStyle;rounded=0;orthogonalLoop=1;jettySize=auto;html=1;exitX=0.5;exitY=1;exitDx=0;exitDy=0;exitPerimeter=0;entryX=0.5;entryY=0;entryDx=0;entryDy=0;strokeColor=default;align=center;verticalAlign=middle;fontFamily=Helvetica;fontSize=12;fontColor=default;labelBackgroundColor=default;startSize=8;endArrow=classic;endSize=8;" edge="1" parent="1" source="erKpOOM1ceVGQDieeiPO-45" target="erKpOOM1ceVGQDieeiPO-57">
          <mxGeometry relative="1" as="geometry" />
        </mxCell>
        <mxCell id="erKpOOM1ceVGQDieeiPO-45" value="CPkey" style="strokeWidth=2;html=1;shape=mxgraph.flowchart.decision;whiteSpace=wrap;" vertex="1" parent="1">
          <mxGeometry x="800" y="-40" width="120" height="40" as="geometry" />
        </mxCell>
        <mxCell id="erKpOOM1ceVGQDieeiPO-46" value="&lt;span style=&quot;font-size: 12px;&quot;&gt;有効&lt;/span&gt;" style="text;html=1;align=center;verticalAlign=middle;whiteSpace=wrap;rounded=0;fontSize=16;" vertex="1" parent="1">
          <mxGeometry x="820" width="40" height="20" as="geometry" />
        </mxCell>
        <mxCell id="erKpOOM1ceVGQDieeiPO-47" value="&lt;span style=&quot;font-size: 12px;&quot;&gt;無効&lt;/span&gt;" style="text;html=1;align=center;verticalAlign=middle;whiteSpace=wrap;rounded=0;fontSize=16;" vertex="1" parent="1">
          <mxGeometry x="920" y="-20" width="40" height="20" as="geometry" />
        </mxCell>
        <mxCell id="UJ28Buhtcx-BH-3_hOtf-4" style="edgeStyle=orthogonalEdgeStyle;rounded=0;orthogonalLoop=1;jettySize=auto;html=1;exitX=0.5;exitY=1;exitDx=0;exitDy=0;entryX=0.5;entryY=0;entryDx=0;entryDy=0;strokeColor=default;align=center;verticalAlign=middle;fontFamily=Helvetica;fontSize=12;fontColor=default;labelBackgroundColor=default;startSize=8;endArrow=classic;endSize=8;" edge="1" parent="1" source="erKpOOM1ceVGQDieeiPO-48" target="erKpOOM1ceVGQDieeiPO-57">
          <mxGeometry relative="1" as="geometry" />
        </mxCell>
        <mxCell id="erKpOOM1ceVGQDieeiPO-48" value="鍵ペア生成&lt;div&gt;SSとthisに保存&lt;/div&gt;" style="rounded=0;whiteSpace=wrap;html=1;" vertex="1" parent="1">
          <mxGeometry x="960" y="-40" width="120" height="40" as="geometry" />
        </mxCell>
        <mxCell id="erKpOOM1ceVGQDieeiPO-49" style="edgeStyle=orthogonalEdgeStyle;rounded=0;orthogonalLoop=1;jettySize=auto;html=1;exitX=0.5;exitY=1;exitDx=0;exitDy=0;exitPerimeter=0;entryX=0.5;entryY=0;entryDx=0;entryDy=0;entryPerimeter=0;strokeColor=default;align=center;verticalAlign=middle;fontFamily=Helvetica;fontSize=12;fontColor=default;labelBackgroundColor=default;startSize=8;endArrow=classic;endSize=8;" edge="1" parent="1" source="erKpOOM1ceVGQDieeiPO-11" target="erKpOOM1ceVGQDieeiPO-45">
          <mxGeometry relative="1" as="geometry" />
        </mxCell>
        <mxCell id="erKpOOM1ceVGQDieeiPO-50" style="edgeStyle=orthogonalEdgeStyle;rounded=0;orthogonalLoop=1;jettySize=auto;html=1;exitX=1;exitY=0.5;exitDx=0;exitDy=0;exitPerimeter=0;entryX=0;entryY=0.5;entryDx=0;entryDy=0;fontSize=12;startSize=8;endSize=8;" edge="1" parent="1" source="erKpOOM1ceVGQDieeiPO-51" target="erKpOOM1ceVGQDieeiPO-54">
          <mxGeometry relative="1" as="geometry" />
        </mxCell>
        <mxCell id="erKpOOM1ceVGQDieeiPO-55" style="edgeStyle=orthogonalEdgeStyle;rounded=0;orthogonalLoop=1;jettySize=auto;html=1;exitX=0.5;exitY=1;exitDx=0;exitDy=0;exitPerimeter=0;strokeColor=default;align=center;verticalAlign=middle;fontFamily=Helvetica;fontSize=12;fontColor=default;labelBackgroundColor=default;startSize=8;endArrow=classic;endSize=8;" edge="1" parent="1" source="erKpOOM1ceVGQDieeiPO-51" target="erKpOOM1ceVGQDieeiPO-48">
          <mxGeometry relative="1" as="geometry" />
        </mxCell>
        <mxCell id="erKpOOM1ceVGQDieeiPO-51" value="e-mail" style="strokeWidth=2;html=1;shape=mxgraph.flowchart.decision;whiteSpace=wrap;" vertex="1" parent="1">
          <mxGeometry x="960" y="-120" width="120" height="40" as="geometry" />
        </mxCell>
        <mxCell id="erKpOOM1ceVGQDieeiPO-52" value="&lt;span style=&quot;font-size: 12px;&quot;&gt;取得済&lt;/span&gt;" style="text;html=1;align=center;verticalAlign=middle;whiteSpace=wrap;rounded=0;fontSize=16;" vertex="1" parent="1">
          <mxGeometry x="1020" y="-80" width="40" height="20" as="geometry" />
        </mxCell>
        <mxCell id="erKpOOM1ceVGQDieeiPO-53" value="&lt;span style=&quot;font-size: 12px;&quot;&gt;未取得&lt;/span&gt;" style="text;html=1;align=center;verticalAlign=middle;whiteSpace=wrap;rounded=0;fontSize=16;" vertex="1" parent="1">
          <mxGeometry x="1060" y="-130" width="40" height="20" as="geometry" />
        </mxCell>
        <mxCell id="erKpOOM1ceVGQDieeiPO-56" style="edgeStyle=orthogonalEdgeStyle;rounded=0;orthogonalLoop=1;jettySize=auto;html=1;exitX=0.5;exitY=1;exitDx=0;exitDy=0;entryX=1;entryY=0.5;entryDx=0;entryDy=0;strokeColor=default;align=center;verticalAlign=middle;fontFamily=Helvetica;fontSize=12;fontColor=default;labelBackgroundColor=default;startSize=8;endArrow=classic;endSize=8;" edge="1" parent="1" source="erKpOOM1ceVGQDieeiPO-54" target="erKpOOM1ceVGQDieeiPO-48">
          <mxGeometry relative="1" as="geometry" />
        </mxCell>
        <mxCell id="erKpOOM1ceVGQDieeiPO-54" value="ダイアログを表示&lt;div&gt;&lt;span style=&quot;background-color: initial;&quot;&gt;ブラウザから入力&lt;/span&gt;&lt;/div&gt;" style="rounded=0;whiteSpace=wrap;html=1;" vertex="1" parent="1">
          <mxGeometry x="1120" y="-120" width="120" height="40" as="geometry" />
        </mxCell>
        <mxCell id="erKpOOM1ceVGQDieeiPO-57" value="サーバ側に&lt;div&gt;&lt;span style=&quot;background-color: initial;&quot;&gt;ユーザ情報要求&lt;/span&gt;&lt;/div&gt;" style="rounded=0;whiteSpace=wrap;html=1;" vertex="1" parent="1">
          <mxGeometry x="800" y="40" width="120" height="40" as="geometry" />
        </mxCell>
        <mxCell id="erKpOOM1ceVGQDieeiPO-59" value="サーバ側のユーザ情報をSSとthisに保存" style="rounded=0;whiteSpace=wrap;html=1;" vertex="1" parent="1">
          <mxGeometry x="800" y="180" width="120" height="40" as="geometry" />
        </mxCell>
        <mxCell id="erKpOOM1ceVGQDieeiPO-60" value="&lt;span style=&quot;font-size: 12px;&quot;&gt;正常終了&lt;/span&gt;" style="text;html=1;align=center;verticalAlign=middle;whiteSpace=wrap;rounded=0;fontSize=16;" vertex="1" parent="1">
          <mxGeometry x="970" y="140" width="50" height="20" as="geometry" />
        </mxCell>
        <mxCell id="3_Clr1zNDWKtQNXxJZHg-1" value="&lt;span style=&quot;font-size: 12px;&quot;&gt;要確認&lt;/span&gt;" style="text;html=1;align=center;verticalAlign=middle;whiteSpace=wrap;rounded=0;fontSize=16;" vertex="1" parent="1">
          <mxGeometry x="1020" y="60" width="50" height="20" as="geometry" />
        </mxCell>
        <mxCell id="UJ28Buhtcx-BH-3_hOtf-1" value="&lt;span style=&quot;font-size: 12px;&quot;&gt;凍結中&lt;/span&gt;" style="text;html=1;align=center;verticalAlign=middle;whiteSpace=wrap;rounded=0;fontSize=16;" vertex="1" parent="1">
          <mxGeometry x="1070" y="120" width="50" height="20" as="geometry" />
        </mxCell>
        <mxCell id="UJ28Buhtcx-BH-3_hOtf-9" value="&lt;font style=&quot;font-size: 18px;&quot;&gt;終&lt;/font&gt;" style="ellipse;whiteSpace=wrap;html=1;aspect=fixed;" vertex="1" parent="1">
          <mxGeometry x="1280" y="240" width="40" height="40" as="geometry" />
        </mxCell>
        <mxCell id="UJ28Buhtcx-BH-3_hOtf-24" style="edgeStyle=orthogonalEdgeStyle;rounded=0;orthogonalLoop=1;jettySize=auto;html=1;exitX=0.5;exitY=0;exitDx=0;exitDy=0;exitPerimeter=0;entryX=0;entryY=0.5;entryDx=0;entryDy=0;strokeColor=default;align=center;verticalAlign=middle;fontFamily=Helvetica;fontSize=12;fontColor=default;labelBackgroundColor=default;startSize=8;endArrow=classic;endSize=8;" edge="1" parent="1" source="UJ28Buhtcx-BH-3_hOtf-17" target="UJ28Buhtcx-BH-3_hOtf-21">
          <mxGeometry relative="1" as="geometry" />
        </mxCell>
        <mxCell id="UJ28Buhtcx-BH-3_hOtf-25" style="edgeStyle=orthogonalEdgeStyle;rounded=0;orthogonalLoop=1;jettySize=auto;html=1;exitX=1;exitY=0.5;exitDx=0;exitDy=0;exitPerimeter=0;entryX=0;entryY=0.5;entryDx=0;entryDy=0;strokeColor=default;align=center;verticalAlign=middle;fontFamily=Helvetica;fontSize=12;fontColor=default;labelBackgroundColor=default;startSize=8;endArrow=classic;endSize=8;" edge="1" parent="1" source="UJ28Buhtcx-BH-3_hOtf-17" target="UJ28Buhtcx-BH-3_hOtf-20">
          <mxGeometry relative="1" as="geometry" />
        </mxCell>
        <mxCell id="UJ28Buhtcx-BH-3_hOtf-26" style="edgeStyle=orthogonalEdgeStyle;rounded=0;orthogonalLoop=1;jettySize=auto;html=1;exitX=0.5;exitY=1;exitDx=0;exitDy=0;exitPerimeter=0;entryX=0.5;entryY=0;entryDx=0;entryDy=0;strokeColor=default;align=center;verticalAlign=middle;fontFamily=Helvetica;fontSize=12;fontColor=default;labelBackgroundColor=default;startSize=8;endArrow=classic;endSize=8;" edge="1" parent="1" source="UJ28Buhtcx-BH-3_hOtf-17" target="erKpOOM1ceVGQDieeiPO-59">
          <mxGeometry relative="1" as="geometry" />
        </mxCell>
        <mxCell id="UJ28Buhtcx-BH-3_hOtf-17" value="処理結果" style="strokeWidth=2;html=1;shape=mxgraph.flowchart.decision;whiteSpace=wrap;" vertex="1" parent="1">
          <mxGeometry x="960" y="100" width="120" height="40" as="geometry" />
        </mxCell>
        <mxCell id="UJ28Buhtcx-BH-3_hOtf-34" style="edgeStyle=orthogonalEdgeStyle;rounded=0;orthogonalLoop=1;jettySize=auto;html=1;exitX=1;exitY=0.5;exitDx=0;exitDy=0;entryX=0;entryY=0.5;entryDx=0;entryDy=0;strokeColor=default;align=center;verticalAlign=middle;fontFamily=Helvetica;fontSize=12;fontColor=default;labelBackgroundColor=default;startSize=8;endArrow=classic;endSize=8;" edge="1" parent="1" source="UJ28Buhtcx-BH-3_hOtf-18" target="UJ28Buhtcx-BH-3_hOtf-9">
          <mxGeometry relative="1" as="geometry" />
        </mxCell>
        <mxCell id="UJ28Buhtcx-BH-3_hOtf-18" value="「表示権限がありません」ダイアログ" style="rounded=0;whiteSpace=wrap;html=1;" vertex="1" parent="1">
          <mxGeometry x="1120" y="180" width="120" height="40" as="geometry" />
        </mxCell>
        <mxCell id="UJ28Buhtcx-BH-3_hOtf-31" style="edgeStyle=orthogonalEdgeStyle;rounded=0;orthogonalLoop=1;jettySize=auto;html=1;exitX=1;exitY=0.5;exitDx=0;exitDy=0;entryX=0;entryY=0.5;entryDx=0;entryDy=0;strokeColor=default;align=center;verticalAlign=middle;fontFamily=Helvetica;fontSize=12;fontColor=default;labelBackgroundColor=default;startSize=8;endArrow=classic;endSize=8;" edge="1" parent="1" source="UJ28Buhtcx-BH-3_hOtf-19" target="UJ28Buhtcx-BH-3_hOtf-9">
          <mxGeometry relative="1" as="geometry" />
        </mxCell>
        <mxCell id="UJ28Buhtcx-BH-3_hOtf-19" value="要求画面に遷移" style="rounded=0;whiteSpace=wrap;html=1;" vertex="1" parent="1">
          <mxGeometry x="1120" y="240" width="120" height="40" as="geometry" />
        </mxCell>
        <mxCell id="UJ28Buhtcx-BH-3_hOtf-33" style="edgeStyle=orthogonalEdgeStyle;rounded=0;orthogonalLoop=1;jettySize=auto;html=1;exitX=1;exitY=0.5;exitDx=0;exitDy=0;entryX=0;entryY=0.5;entryDx=0;entryDy=0;strokeColor=default;align=center;verticalAlign=middle;fontFamily=Helvetica;fontSize=12;fontColor=default;labelBackgroundColor=default;startSize=8;endArrow=classic;endSize=8;" edge="1" parent="1" source="UJ28Buhtcx-BH-3_hOtf-20" target="UJ28Buhtcx-BH-3_hOtf-9">
          <mxGeometry relative="1" as="geometry" />
        </mxCell>
        <mxCell id="UJ28Buhtcx-BH-3_hOtf-20" value="「凍結中です」&lt;div&gt;ダイアログ&lt;/div&gt;" style="rounded=0;whiteSpace=wrap;html=1;" vertex="1" parent="1">
          <mxGeometry x="1120" y="100" width="120" height="40" as="geometry" />
        </mxCell>
        <mxCell id="6rnQ4hFsPuWH-iIP55wT-2" style="edgeStyle=orthogonalEdgeStyle;rounded=0;orthogonalLoop=1;jettySize=auto;html=1;exitX=1;exitY=0.5;exitDx=0;exitDy=0;entryX=0;entryY=0.5;entryDx=0;entryDy=0;strokeColor=default;align=center;verticalAlign=middle;fontFamily=Helvetica;fontSize=12;fontColor=default;labelBackgroundColor=default;startSize=8;endArrow=classic;endSize=8;" edge="1" parent="1" source="UJ28Buhtcx-BH-3_hOtf-21" target="6rnQ4hFsPuWH-iIP55wT-1">
          <mxGeometry relative="1" as="geometry" />
        </mxCell>
        <mxCell id="UJ28Buhtcx-BH-3_hOtf-21" value="パスコード入力&lt;div&gt;ダイアログ&lt;/div&gt;" style="rounded=0;whiteSpace=wrap;html=1;" vertex="1" parent="1">
          <mxGeometry x="1120" y="40" width="120" height="40" as="geometry" />
        </mxCell>
        <mxCell id="UJ28Buhtcx-BH-3_hOtf-22" style="edgeStyle=orthogonalEdgeStyle;rounded=0;orthogonalLoop=1;jettySize=auto;html=1;exitX=1;exitY=0.5;exitDx=0;exitDy=0;entryX=0;entryY=0.5;entryDx=0;entryDy=0;entryPerimeter=0;strokeColor=default;align=center;verticalAlign=middle;fontFamily=Helvetica;fontSize=12;fontColor=default;labelBackgroundColor=default;startSize=8;endArrow=classic;endSize=8;" edge="1" parent="1" source="erKpOOM1ceVGQDieeiPO-57" target="UJ28Buhtcx-BH-3_hOtf-17">
          <mxGeometry relative="1" as="geometry" />
        </mxCell>
        <mxCell id="UJ28Buhtcx-BH-3_hOtf-27" style="edgeStyle=orthogonalEdgeStyle;rounded=0;orthogonalLoop=1;jettySize=auto;html=1;exitX=1;exitY=0.5;exitDx=0;exitDy=0;entryX=0;entryY=0.5;entryDx=0;entryDy=0;entryPerimeter=0;strokeColor=default;align=center;verticalAlign=middle;fontFamily=Helvetica;fontSize=12;fontColor=default;labelBackgroundColor=default;startSize=8;endArrow=classic;endSize=8;" edge="1" parent="1" source="erKpOOM1ceVGQDieeiPO-59" target="erKpOOM1ceVGQDieeiPO-35">
          <mxGeometry relative="1" as="geometry" />
        </mxCell>
        <mxCell id="bn1RlM7ksTNqhJdNfOgd-1" value="&lt;font style=&quot;font-size: 12px;&quot;&gt;CPkey存在&lt;/font&gt;&lt;div style=&quot;font-size: 12px;&quot;&gt;&lt;span style=&quot;background-color: initial; font-size: 12px;&quot;&gt;&lt;font style=&quot;font-size: 12px;&quot;&gt;かつ期限内&lt;/font&gt;&lt;/span&gt;&lt;div style=&quot;font-size: 12px;&quot;&gt;&lt;div style=&quot;font-size: 12px;&quot;&gt;&lt;div style=&quot;font-size: 12px;&quot;&gt;&lt;font style=&quot;font-size: 12px;&quot;&gt;⇒ CPkey有効&lt;/font&gt;&lt;/div&gt;&lt;/div&gt;&lt;/div&gt;&lt;/div&gt;" style="text;html=1;align=left;verticalAlign=middle;whiteSpace=wrap;rounded=0;fontSize=12;fontColor=#000000;" vertex="1" parent="1">
          <mxGeometry x="720" y="-15" width="80" height="50" as="geometry" />
        </mxCell>
        <mxCell id="6rnQ4hFsPuWH-iIP55wT-1" value="&lt;font style=&quot;font-size: 18px;&quot;&gt;続&lt;/font&gt;" style="ellipse;whiteSpace=wrap;html=1;aspect=fixed;" vertex="1" parent="1">
          <mxGeometry x="1280" y="40" width="40" height="40" as="geometry" />
        </mxCell>
        <mxCell id="ypBT6tB2VHBa_hO5YTwD-1" value="&lt;font style=&quot;font-size: 18px;&quot;&gt;始&lt;/font&gt;" style="ellipse;whiteSpace=wrap;html=1;aspect=fixed;" vertex="1" parent="1">
          <mxGeometry x="680" y="-200" width="40" height="40" as="geometry" />
        </mxCell>
        <mxCell id="ypBT6tB2VHBa_hO5YTwD-2" style="edgeStyle=orthogonalEdgeStyle;rounded=0;orthogonalLoop=1;jettySize=auto;html=1;exitX=0.5;exitY=1;exitDx=0;exitDy=0;entryX=0.5;entryY=0;entryDx=0;entryDy=0;entryPerimeter=0;strokeColor=default;align=center;verticalAlign=middle;fontFamily=Helvetica;fontSize=12;fontColor=default;labelBackgroundColor=default;startSize=8;endArrow=classic;endSize=8;" edge="1" parent="1" source="ypBT6tB2VHBa_hO5YTwD-1" target="erKpOOM1ceVGQDieeiPO-3">
          <mxGeometry relative="1" as="geometry" />
        </mxCell>
      </root>
    </mxGraphModel>
  </diagram>
  <diagram id="us7VkUwQ-tETHNH9jNGS" name="sv.changeScreen">
    <mxGraphModel dx="-342" dy="727" grid="1" gridSize="10" guides="1" tooltips="1" connect="1" arrows="1" fold="1" page="0" pageScale="1" pageWidth="827" pageHeight="1169" math="0" shadow="0">
      <root>
        <mxCell id="0" />
        <mxCell id="1" parent="0" />
        <mxCell id="e2eaQFMFdmdi1gbFAGaG-2" style="edgeStyle=orthogonalEdgeStyle;rounded=0;orthogonalLoop=1;jettySize=auto;html=1;exitX=0.5;exitY=1;exitDx=0;exitDy=0;exitPerimeter=0;entryX=0.5;entryY=0;entryDx=0;entryDy=0;strokeColor=default;align=center;verticalAlign=middle;fontFamily=Helvetica;fontSize=12;fontColor=default;labelBackgroundColor=default;startSize=8;endArrow=classic;endSize=8;" parent="1" source="e2eaQFMFdmdi1gbFAGaG-3" target="e2eaQFMFdmdi1gbFAGaG-13" edge="1">
          <mxGeometry relative="1" as="geometry" />
        </mxCell>
        <mxCell id="e2eaQFMFdmdi1gbFAGaG-3" value="e-mail" style="strokeWidth=2;html=1;shape=mxgraph.flowchart.decision;whiteSpace=wrap;" parent="1" vertex="1">
          <mxGeometry x="1560" y="160" width="120" height="40" as="geometry" />
        </mxCell>
        <mxCell id="e2eaQFMFdmdi1gbFAGaG-4" style="edgeStyle=orthogonalEdgeStyle;rounded=0;orthogonalLoop=1;jettySize=auto;html=1;exitX=1;exitY=0.5;exitDx=0;exitDy=0;entryX=0;entryY=0.5;entryDx=0;entryDy=0;strokeColor=default;align=center;verticalAlign=middle;fontFamily=Helvetica;fontSize=12;fontColor=default;labelBackgroundColor=default;startSize=8;endArrow=classic;endSize=8;" parent="1" source="e2eaQFMFdmdi1gbFAGaG-34" target="e2eaQFMFdmdi1gbFAGaG-17" edge="1">
          <mxGeometry relative="1" as="geometry">
            <mxPoint x="2000" y="330" as="sourcePoint" />
          </mxGeometry>
        </mxCell>
        <mxCell id="e2eaQFMFdmdi1gbFAGaG-6" value="&lt;span style=&quot;font-size: 12px;&quot;&gt;登録済&lt;/span&gt;" style="text;html=1;align=center;verticalAlign=middle;whiteSpace=wrap;rounded=0;fontSize=16;" parent="1" vertex="1">
          <mxGeometry x="1680" y="160" width="40" height="20" as="geometry" />
        </mxCell>
        <mxCell id="e2eaQFMFdmdi1gbFAGaG-7" value="&lt;span style=&quot;font-size: 12px;&quot;&gt;未登録&lt;/span&gt;" style="text;html=1;align=center;verticalAlign=middle;whiteSpace=wrap;rounded=0;fontSize=16;" parent="1" vertex="1">
          <mxGeometry x="1620" y="200" width="40" height="20" as="geometry" />
        </mxCell>
        <mxCell id="e2eaQFMFdmdi1gbFAGaG-8" style="edgeStyle=orthogonalEdgeStyle;rounded=0;orthogonalLoop=1;jettySize=auto;html=1;exitX=0.5;exitY=1;exitDx=0;exitDy=0;exitPerimeter=0;entryX=0.5;entryY=0;entryDx=0;entryDy=0;strokeColor=default;align=center;verticalAlign=middle;fontFamily=Helvetica;fontSize=12;fontColor=default;labelBackgroundColor=default;startSize=8;endArrow=classic;endSize=8;" parent="1" source="e2eaQFMFdmdi1gbFAGaG-10" target="e2eaQFMFdmdi1gbFAGaG-27" edge="1">
          <mxGeometry relative="1" as="geometry">
            <mxPoint x="1780" y="240" as="targetPoint" />
          </mxGeometry>
        </mxCell>
        <mxCell id="e2eaQFMFdmdi1gbFAGaG-9" style="edgeStyle=orthogonalEdgeStyle;rounded=0;orthogonalLoop=1;jettySize=auto;html=1;exitX=1;exitY=0.5;exitDx=0;exitDy=0;exitPerimeter=0;entryX=0;entryY=0.5;entryDx=0;entryDy=0;strokeColor=default;align=center;verticalAlign=middle;fontFamily=Helvetica;fontSize=12;fontColor=default;labelBackgroundColor=default;startSize=8;endArrow=classic;endSize=8;" parent="1" source="e2eaQFMFdmdi1gbFAGaG-10" target="e2eaQFMFdmdi1gbFAGaG-16" edge="1">
          <mxGeometry relative="1" as="geometry" />
        </mxCell>
        <mxCell id="e2eaQFMFdmdi1gbFAGaG-10" value="CPkey" style="strokeWidth=2;html=1;shape=mxgraph.flowchart.decision;whiteSpace=wrap;" parent="1" vertex="1">
          <mxGeometry x="1720" y="160" width="120" height="40" as="geometry" />
        </mxCell>
        <mxCell id="e2eaQFMFdmdi1gbFAGaG-11" value="&lt;span style=&quot;font-size: 12px;&quot;&gt;無効&lt;/span&gt;" style="text;html=1;align=center;verticalAlign=middle;whiteSpace=wrap;rounded=0;fontSize=16;" parent="1" vertex="1">
          <mxGeometry x="1780" y="200" width="40" height="20" as="geometry" />
        </mxCell>
        <mxCell id="e2eaQFMFdmdi1gbFAGaG-12" style="edgeStyle=orthogonalEdgeStyle;rounded=0;orthogonalLoop=1;jettySize=auto;html=1;exitX=1;exitY=0.5;exitDx=0;exitDy=0;entryX=0;entryY=0.5;entryDx=0;entryDy=0;strokeColor=default;align=center;verticalAlign=middle;fontFamily=Helvetica;fontSize=12;fontColor=default;labelBackgroundColor=default;startSize=8;endArrow=classic;endSize=8;" parent="1" source="e2eaQFMFdmdi1gbFAGaG-13" target="e2eaQFMFdmdi1gbFAGaG-27" edge="1">
          <mxGeometry relative="1" as="geometry" />
        </mxCell>
        <mxCell id="e2eaQFMFdmdi1gbFAGaG-13" value="userIdを採番して&lt;div&gt;シートに新規登録&lt;/div&gt;" style="rounded=0;whiteSpace=wrap;html=1;" parent="1" vertex="1">
          <mxGeometry x="1560" y="230" width="120" height="40" as="geometry" />
        </mxCell>
        <mxCell id="e2eaQFMFdmdi1gbFAGaG-14" value="&lt;span style=&quot;font-size: 12px;&quot;&gt;有効&lt;/span&gt;" style="text;html=1;align=center;verticalAlign=middle;whiteSpace=wrap;rounded=0;fontSize=16;" parent="1" vertex="1">
          <mxGeometry x="1840" y="160" width="40" height="20" as="geometry" />
        </mxCell>
        <mxCell id="e2eaQFMFdmdi1gbFAGaG-15" style="edgeStyle=orthogonalEdgeStyle;rounded=0;orthogonalLoop=1;jettySize=auto;html=1;exitX=1;exitY=0.5;exitDx=0;exitDy=0;strokeColor=default;align=center;verticalAlign=middle;fontFamily=Helvetica;fontSize=12;fontColor=default;labelBackgroundColor=default;startSize=8;endArrow=classic;endSize=8;entryX=0.5;entryY=0;entryDx=0;entryDy=0;" parent="1" source="e2eaQFMFdmdi1gbFAGaG-16" target="e2eaQFMFdmdi1gbFAGaG-17" edge="1">
          <mxGeometry relative="1" as="geometry">
            <mxPoint x="2060" y="360" as="targetPoint" />
          </mxGeometry>
        </mxCell>
        <mxCell id="e2eaQFMFdmdi1gbFAGaG-16" value="ユーザ情報を返信" style="rounded=0;whiteSpace=wrap;html=1;" parent="1" vertex="1">
          <mxGeometry x="1880" y="160" width="120" height="40" as="geometry" />
        </mxCell>
        <mxCell id="e2eaQFMFdmdi1gbFAGaG-17" value="&lt;font style=&quot;font-size: 18px;&quot;&gt;終&lt;/font&gt;" style="ellipse;whiteSpace=wrap;html=1;aspect=fixed;" parent="1" vertex="1">
          <mxGeometry x="2060" y="370" width="40" height="40" as="geometry" />
        </mxCell>
        <mxCell id="e2eaQFMFdmdi1gbFAGaG-19" value="&lt;span style=&quot;font-size: 12px;&quot;&gt;CPkeyが一致&lt;/span&gt;&lt;span style=&quot;background-color: initial; font-size: 12px;&quot;&gt;かつ期限内&lt;/span&gt;&lt;div&gt;&lt;span style=&quot;background-color: initial; font-size: 12px;&quot;&gt;&amp;nbsp;&lt;/span&gt;&lt;span style=&quot;font-size: 12px; background-color: initial;&quot;&gt;⇒ CPkey有効&lt;/span&gt;&lt;/div&gt;" style="text;html=1;align=left;verticalAlign=middle;whiteSpace=wrap;rounded=0;fontSize=16;" parent="1" vertex="1">
          <mxGeometry x="1720" y="120" width="140" height="40" as="geometry" />
        </mxCell>
        <mxCell id="e2eaQFMFdmdi1gbFAGaG-20" value="&lt;span style=&quot;font-size: 12px;&quot;&gt;規定回数連続失敗後&lt;/span&gt;&lt;div&gt;&lt;span style=&quot;font-size: 12px;&quot;&gt;所定時間未経過&lt;/span&gt;&lt;/div&gt;" style="text;html=1;align=left;verticalAlign=middle;whiteSpace=wrap;rounded=0;fontSize=16;" parent="1" vertex="1">
          <mxGeometry x="1840" y="280" width="115" height="40" as="geometry" />
        </mxCell>
        <mxCell id="e2eaQFMFdmdi1gbFAGaG-21" style="edgeStyle=orthogonalEdgeStyle;rounded=0;orthogonalLoop=1;jettySize=auto;html=1;exitX=1;exitY=0.5;exitDx=0;exitDy=0;exitPerimeter=0;entryX=0;entryY=0.5;entryDx=0;entryDy=0;entryPerimeter=0;strokeColor=default;align=center;verticalAlign=middle;fontFamily=Helvetica;fontSize=12;fontColor=default;labelBackgroundColor=default;startSize=8;endArrow=classic;endSize=8;" parent="1" source="e2eaQFMFdmdi1gbFAGaG-3" target="e2eaQFMFdmdi1gbFAGaG-10" edge="1">
          <mxGeometry relative="1" as="geometry" />
        </mxCell>
        <mxCell id="e2eaQFMFdmdi1gbFAGaG-22" value="&lt;span style=&quot;font-size: 12px;&quot;&gt;「凍結中」&lt;/span&gt;" style="text;html=1;align=left;verticalAlign=middle;whiteSpace=wrap;rounded=0;fontSize=16;" parent="1" vertex="1">
          <mxGeometry x="2000" y="300" width="60" height="20" as="geometry" />
        </mxCell>
        <mxCell id="e2eaQFMFdmdi1gbFAGaG-23" value="&lt;span style=&quot;font-size: 12px;&quot;&gt;「要確認」&lt;/span&gt;" style="text;html=1;align=left;verticalAlign=middle;whiteSpace=wrap;rounded=0;fontSize=16;" parent="1" vertex="1">
          <mxGeometry x="2000" y="360" width="60" height="20" as="geometry" />
        </mxCell>
        <mxCell id="e2eaQFMFdmdi1gbFAGaG-24" value="&lt;span style=&quot;font-size: 12px;&quot;&gt;「正常終了」&lt;/span&gt;" style="text;html=1;align=left;verticalAlign=middle;whiteSpace=wrap;rounded=0;fontSize=16;" parent="1" vertex="1">
          <mxGeometry x="2000" y="160" width="70" height="20" as="geometry" />
        </mxCell>
        <mxCell id="e2eaQFMFdmdi1gbFAGaG-25" value="&lt;span style=&quot;font-size: 12px;&quot;&gt;yes&lt;/span&gt;" style="text;html=1;align=center;verticalAlign=middle;whiteSpace=wrap;rounded=0;fontSize=16;" parent="1" vertex="1">
          <mxGeometry x="1840" y="320" width="40" height="20" as="geometry" />
        </mxCell>
        <mxCell id="e2eaQFMFdmdi1gbFAGaG-26" value="&lt;span style=&quot;font-size: 12px;&quot;&gt;no&lt;/span&gt;" style="text;html=1;align=center;verticalAlign=middle;whiteSpace=wrap;rounded=0;fontSize=16;" parent="1" vertex="1">
          <mxGeometry x="1780" y="330" width="40" height="20" as="geometry" />
        </mxCell>
        <mxCell id="e2eaQFMFdmdi1gbFAGaG-27" value="ログイン&lt;div&gt;試行情報を参照&lt;/div&gt;" style="rounded=0;whiteSpace=wrap;html=1;" parent="1" vertex="1">
          <mxGeometry x="1720" y="230" width="120" height="40" as="geometry" />
        </mxCell>
        <mxCell id="e2eaQFMFdmdi1gbFAGaG-29" style="edgeStyle=orthogonalEdgeStyle;rounded=0;orthogonalLoop=1;jettySize=auto;html=1;exitX=0.5;exitY=1;exitDx=0;exitDy=0;exitPerimeter=0;entryX=0.5;entryY=0;entryDx=0;entryDy=0;strokeColor=default;align=center;verticalAlign=middle;fontFamily=Helvetica;fontSize=12;fontColor=default;labelBackgroundColor=default;startSize=8;endArrow=classic;endSize=8;" parent="1" edge="1">
          <mxGeometry relative="1" as="geometry">
            <mxPoint x="1940" y="320" as="targetPoint" />
          </mxGeometry>
        </mxCell>
        <mxCell id="e2eaQFMFdmdi1gbFAGaG-31" style="edgeStyle=orthogonalEdgeStyle;rounded=0;orthogonalLoop=1;jettySize=auto;html=1;exitX=1;exitY=0.5;exitDx=0;exitDy=0;strokeColor=default;align=center;verticalAlign=middle;fontFamily=Helvetica;fontSize=12;fontColor=default;labelBackgroundColor=default;startSize=8;endArrow=classic;endSize=8;exitPerimeter=0;" parent="1" source="e2eaQFMFdmdi1gbFAGaG-33" target="e2eaQFMFdmdi1gbFAGaG-17" edge="1">
          <mxGeometry relative="1" as="geometry">
            <mxPoint x="1880" y="260" as="targetPoint" />
          </mxGeometry>
        </mxCell>
        <mxCell id="e2eaQFMFdmdi1gbFAGaG-37" style="edgeStyle=orthogonalEdgeStyle;rounded=0;orthogonalLoop=1;jettySize=auto;html=1;exitX=1;exitY=0.5;exitDx=0;exitDy=0;strokeColor=default;align=center;verticalAlign=middle;fontFamily=Helvetica;fontSize=12;fontColor=default;labelBackgroundColor=default;startSize=8;endArrow=classic;endSize=8;" parent="1" source="e2eaQFMFdmdi1gbFAGaG-32" target="e2eaQFMFdmdi1gbFAGaG-34" edge="1">
          <mxGeometry relative="1" as="geometry" />
        </mxCell>
        <mxCell id="e2eaQFMFdmdi1gbFAGaG-32" value="ログイン&lt;div&gt;試行情報を更新&lt;/div&gt;" style="rounded=0;whiteSpace=wrap;html=1;" parent="1" vertex="1">
          <mxGeometry x="1720" y="370" width="120" height="40" as="geometry" />
        </mxCell>
        <mxCell id="e2eaQFMFdmdi1gbFAGaG-36" style="edgeStyle=orthogonalEdgeStyle;rounded=0;orthogonalLoop=1;jettySize=auto;html=1;exitX=0.5;exitY=1;exitDx=0;exitDy=0;exitPerimeter=0;entryX=0.5;entryY=0;entryDx=0;entryDy=0;strokeColor=default;align=center;verticalAlign=middle;fontFamily=Helvetica;fontSize=12;fontColor=default;labelBackgroundColor=default;startSize=8;endArrow=classic;endSize=8;" parent="1" source="e2eaQFMFdmdi1gbFAGaG-33" target="e2eaQFMFdmdi1gbFAGaG-32" edge="1">
          <mxGeometry relative="1" as="geometry" />
        </mxCell>
        <mxCell id="e2eaQFMFdmdi1gbFAGaG-33" value="凍結中" style="strokeWidth=2;html=1;shape=mxgraph.flowchart.decision;whiteSpace=wrap;" parent="1" vertex="1">
          <mxGeometry x="1720" y="300" width="120" height="40" as="geometry" />
        </mxCell>
        <mxCell id="e2eaQFMFdmdi1gbFAGaG-34" value="パスコードを&lt;div&gt;メールで送信&lt;/div&gt;" style="rounded=0;whiteSpace=wrap;html=1;" parent="1" vertex="1">
          <mxGeometry x="1880" y="370" width="120" height="40" as="geometry" />
        </mxCell>
        <mxCell id="e2eaQFMFdmdi1gbFAGaG-35" style="edgeStyle=orthogonalEdgeStyle;rounded=0;orthogonalLoop=1;jettySize=auto;html=1;exitX=0.5;exitY=1;exitDx=0;exitDy=0;entryX=0.5;entryY=0;entryDx=0;entryDy=0;entryPerimeter=0;strokeColor=default;align=center;verticalAlign=middle;fontFamily=Helvetica;fontSize=12;fontColor=default;labelBackgroundColor=default;startSize=8;endArrow=classic;endSize=8;" parent="1" source="e2eaQFMFdmdi1gbFAGaG-27" target="e2eaQFMFdmdi1gbFAGaG-33" edge="1">
          <mxGeometry relative="1" as="geometry" />
        </mxCell>
        <mxCell id="k4VRsqIZ6MtWDK9eP9AL-1" value="&lt;font style=&quot;font-size: 18px;&quot;&gt;始&lt;/font&gt;" style="ellipse;whiteSpace=wrap;html=1;aspect=fixed;" parent="1" vertex="1">
          <mxGeometry x="1600" y="90" width="40" height="40" as="geometry" />
        </mxCell>
        <mxCell id="k4VRsqIZ6MtWDK9eP9AL-2" style="edgeStyle=orthogonalEdgeStyle;rounded=0;orthogonalLoop=1;jettySize=auto;html=1;exitX=0.5;exitY=1;exitDx=0;exitDy=0;entryX=0.5;entryY=0;entryDx=0;entryDy=0;entryPerimeter=0;strokeColor=default;align=center;verticalAlign=middle;fontFamily=Helvetica;fontSize=12;fontColor=default;labelBackgroundColor=default;startSize=8;endArrow=classic;endSize=8;" parent="1" source="k4VRsqIZ6MtWDK9eP9AL-1" target="e2eaQFMFdmdi1gbFAGaG-3" edge="1">
          <mxGeometry relative="1" as="geometry" />
        </mxCell>
      </root>
    </mxGraphModel>
  </diagram>
</mxfile>
